{
    "time": 1.3039820194244385,
    "failed_paths": 0,
    "initial_pose": [
        -0.3278558681396818,
        -0.25983708440019526,
        0.5706681692389018,
        1.6169854522638025,
        -2.309561289555546,
        -0.7168728960987439
    ]
}