{
    "time": 5.72634482383728,
    "failed_paths": 0,
    "initial_pose": [
        -0.32062914739728665,
        -0.1652999616088756,
        0.7533629837028457,
        0.3284027896027786,
        0.30173496012401474,
        0.2364485825526719
    ]
}