{
    "time": 1.4435310363769531,
    "failed_paths": 0,
    "initial_pose": [
        0.30470283544003973,
        -0.12032027185097838,
        0.2824860003667103,
        -2.212735296594365,
        1.1307075327338718,
        2.5859059976021133
    ]
}