{
    "time": 26.3010470867157,
    "failed_paths": 0,
    "initial_pose": [
        0.054750523603872,
        -0.4245094711582925,
        0.2185562384040942,
        0.9970366390006336,
        -0.07783271727534999,
        -0.04162217405514046
    ]
}