{
    "time": 6.131511926651001,
    "failed_paths": 0,
    "initial_pose": [
        -0.2722526692703596,
        0.19165700961657783,
        0.6123151832261107,
        -0.48650557089465973,
        0.7687001774250324,
        -1.4440902744964168
    ]
}