{
    "time": 39.44038677215576,
    "failed_paths": 0,
    "initial_pose": [
        0.257354080312971,
        0.07736338972940404,
        0.8860842109848406,
        2.0300325026766766,
        2.3295944247772864,
        -2.622936832164265
    ]
}