{
    "time": 34.07508087158203,
    "failed_paths": 0,
    "initial_pose": [
        0.3180485522571459,
        -0.16715568998764874,
        0.5147092842040613,
        2.375514017965872,
        0.024559654940256394,
        -2.0925169297423216
    ]
}