{
    "time": 3.047781229019165,
    "failed_paths": 0,
    "initial_pose": [
        0.20978703725937398,
        -0.3020493496835014,
        0.25931615284651627,
        1.8645086510497246,
        -1.020172599360072,
        -2.673321683859928
    ]
}