{
    "time": 2.4612321853637695,
    "failed_paths": 0,
    "initial_pose": [
        0.18493299531733776,
        -0.4104068642505231,
        0.635971952594227,
        -1.9386617067693424,
        1.2869236647297266,
        -2.1650649969223554
    ]
}