{
    "time": 3.5530519485473633,
    "failed_paths": 0,
    "initial_pose": [
        0.28429419900900577,
        0.494538295298814,
        0.29329103914268234,
        -2.0444666361426984,
        1.5234146788975331,
        -0.6846708069985593
    ]
}