{
    "time": 2.0973050594329834,
    "failed_paths": 0,
    "initial_pose": [
        -0.29251667333712716,
        -0.16672138688501703,
        0.5907827299902496,
        2.896447653060311,
        -1.2691141655179308,
        2.860415207830491
    ]
}