{
    "time": 2.4286792278289795,
    "failed_paths": 0,
    "initial_pose": [
        0.2606153034032437,
        -0.31443178858978793,
        0.5845040902162636,
        -0.7182826991372807,
        0.17576112835232294,
        -2.6930675151525834
    ]
}