{
    "time": 1.6592011451721191,
    "failed_paths": 0,
    "initial_pose": [
        -0.12605022926630072,
        0.3910395718620022,
        0.3451108778159888,
        -2.636234153706566,
        -0.5048094318589298,
        1.2133603387592946
    ]
}