{
    "time": 2.997377634048462,
    "failed_paths": 0,
    "initial_pose": [
        0.16878292994240351,
        0.36185786882393245,
        0.20432641998232817,
        -1.9391288552900383,
        -1.7943218954944617,
        -2.0242456469890375
    ]
}