{
    "time": 3.7081410884857178,
    "failed_paths": 0,
    "initial_pose": [
        0.47000922916514587,
        0.11901879311762498,
        0.3703284683551469,
        -1.1083443630399528,
        -0.0897173225109354,
        -1.3305100176950382
    ]
}