{
    "time": 1.3631422519683838,
    "failed_paths": 0,
    "initial_pose": [
        -0.2433284271553976,
        0.38068106014334435,
        0.2328948299337411,
        0,
        0,
        0
    ]
}