{
    "time": 1.7330830097198486,
    "failed_paths": 0,
    "initial_pose": [
        -0.2204563772044006,
        0.365090381427034,
        0.23588132683558524,
        -1.4121870318386551,
        -2.1633121499207877,
        0.3280954358498119
    ]
}