{
    "time": 13.309234142303467,
    "failed_paths": 0,
    "initial_pose": [
        0.1976192170351292,
        0.4524996493542601,
        0.2503339803588035,
        2.1606895131095896,
        0.5541524757951231,
        -1.5873700656327492
    ]
}