{
    "time": 1.6906318664550781,
    "failed_paths": 0,
    "initial_pose": [
        0.21208106921043313,
        0.23546589711990418,
        0.37369315877538944,
        0,
        0,
        0
    ]
}