{
    "time": 38.02847480773926,
    "failed_paths": 0,
    "initial_pose": [
        -0.28946692647708583,
        0.4383866246559006,
        0.28837691316941394,
        2.7444921077455806,
        -2.269604025842722,
        0.10024761679132348
    ]
}