{
    "time": 21.495468616485596,
    "failed_paths": 0,
    "initial_pose": [
        0.3250339602983018,
        -0.0033018921013016067,
        0.4407165675057806,
        1.21807771534525,
        -0.8546502506902739,
        3.0222183299302143
    ]
}