{
    "time": 8.910408020019531,
    "failed_paths": 0,
    "initial_pose": [
        -0.07863956440438247,
        -0.3521029062031824,
        0.20570858620071725,
        -1.5089470033920167,
        1.0663755608441652,
        2.9390651174388847
    ]
}