{
    "time": 1.3267898559570312,
    "failed_paths": 0,
    "initial_pose": [
        0.19164567833587642,
        0.1551460810782489,
        0.31057658663785026,
        0,
        0,
        0
    ]
}