{
    "time": 1.3397459983825684,
    "failed_paths": 0,
    "initial_pose": [
        0.0874188023782635,
        -0.005561517653440706,
        0.5928091853874027,
        0.3694168425444338,
        -1.999090357496408,
        -0.1501481319411551
    ]
}