{
    "time": 153.8843288421631,
    "failed_paths": 0,
    "initial_pose": [
        0.31241713664996107,
        0.4629431330503989,
        0.44837842889140717,
        -0.3820182943347069,
        -0.48074141083076993,
        -3.068893985700719
    ]
}