{
    "time": 3.5379257202148438,
    "failed_paths": 0,
    "initial_pose": [
        0.3747780825643895,
        0.18090826505314772,
        0.4575740192402904,
        0,
        0,
        0
    ]
}