{
    "time": 5.806419134140015,
    "failed_paths": 0,
    "initial_pose": [
        -0.48300178515653236,
        0.30525256694952485,
        0.2819412370280925,
        -1.684895832557041,
        -0.8585095507884863,
        -1.7264080844022671
    ]
}