{
    "time": 1.2549030780792236,
    "failed_paths": 0,
    "initial_pose": [
        -0.25423049594435143,
        0.11779067234457141,
        0.4195311290177633,
        0,
        0,
        0
    ]
}