{
    "time": 15.17153787612915,
    "failed_paths": 0,
    "initial_pose": [
        0.1808828756695381,
        0.014666625958425716,
        0.26121602854601017,
        -2.474663500337431,
        -2.5246176790427777,
        2.575682027756839
    ]
}