{
    "time": 17.40111517906189,
    "failed_paths": 0,
    "initial_pose": [
        -0.35848774654067883,
        0.13353743226398296,
        0.373003040406141,
        0.15526239974838585,
        -1.98461546759644,
        -0.6710607927464095
    ]
}