{
    "time": 14.040887117385864,
    "failed_paths": 0,
    "initial_pose": [
        -0.4520977861889829,
        0.19463738595623303,
        0.685028586409128,
        2.080362176963134,
        -0.9956708415727501,
        -0.9045884656714279
    ]
}