{
    "time": 1.9875540733337402,
    "failed_paths": 0,
    "initial_pose": [
        -0.09778520645058464,
        -0.47046230932373,
        0.210104747176888,
        1.2485471249447342,
        -0.11243933375674262,
        -2.589857529522508
    ]
}