{
    "time": 1.9539432525634766,
    "failed_paths": 0,
    "initial_pose": [
        0.4869623508345686,
        0.1297942299714283,
        0.44832042103582725,
        0,
        0,
        0
    ]
}