{
    "time": 1.4026460647583008,
    "failed_paths": 0,
    "initial_pose": [
        0.11308038009151544,
        -0.4632912440892806,
        0.2420493266305908,
        0,
        0,
        0
    ]
}