{
    "time": 4.231729030609131,
    "failed_paths": 0,
    "initial_pose": [
        -0.15923073170021818,
        0.19450845558037122,
        0.30415189968896356,
        -0.162861872424621,
        2.6925739641105624,
        2.923009467445815
    ]
}