{
    "time": 2.40948486328125,
    "failed_paths": 0,
    "initial_pose": [
        -0.27962117202555514,
        0.45634360712144595,
        0.29849790742516646,
        -1.291450006533387,
        0.007417052519030112,
        -1.3448398846690262
    ]
}