{
    "time": 30.57483410835266,
    "failed_paths": 0,
    "initial_pose": [
        0.37482975420043285,
        0.09845889221099546,
        0.35257479478625586,
        -2.8350649022512857,
        2.2827992657125735,
        -1.88277327764615
    ]
}