{
    "time": 61.189537048339844,
    "failed_paths": 0,
    "initial_pose": [
        0.019088559229800683,
        0.35296677903934626,
        0.22111938717651097,
        2.244770571139733,
        0.4171042675213561,
        1.915870595001513
    ]
}