{
    "time": 3.4652442932128906,
    "failed_paths": 0,
    "initial_pose": [
        0.09935561148090744,
        -0.299463473408456,
        0.4627444865034752,
        1.2683735825135056,
        0.5863885490713775,
        2.767059285631999
    ]
}