{
    "time": 38.33787274360657,
    "failed_paths": 0,
    "initial_pose": [
        -0.4595589992566227,
        0.12164263128349728,
        0.8118807499006457,
        -0.0943152670794918,
        -1.1403218149866536,
        2.282034484663743
    ]
}