{
    "time": 1.471559762954712,
    "failed_paths": 0,
    "initial_pose": [
        -0.2466391910694693,
        -0.23695117730666915,
        0.3686234049663933,
        0,
        0,
        0
    ]
}