{
    "time": 8.533687114715576,
    "failed_paths": 0,
    "initial_pose": [
        0.2711043082715837,
        0.08066000487782043,
        0.23619684307764255,
        -0.17785986950936886,
        0.1585364329341866,
        -1.5625358607505597
    ]
}