{
    "time": 5.268468856811523,
    "failed_paths": 0,
    "initial_pose": [
        0.20904684665488305,
        -0.39212402624928366,
        0.4180153018899216,
        -0.6358409866663806,
        -3.0948153718038176,
        2.3824264725339175
    ]
}