{
    "time": 1.4213981628417969,
    "failed_paths": 0,
    "initial_pose": [
        0.026404500397430586,
        -0.3835582910434314,
        0.35694690668341233,
        0,
        0,
        0
    ]
}