{
    "time": 130.16740608215332,
    "failed_paths": 0,
    "initial_pose": [
        -0.36061181093194916,
        0.2890159906272929,
        0.4172415838836835,
        -0.5629798640344361,
        -0.48399683626923723,
        -1.9962107098956512
    ]
}