{
    "time": 2.347882032394409,
    "failed_paths": 0,
    "initial_pose": [
        -0.4745630131342551,
        -0.3017661200199334,
        0.4491077599686486,
        -2.2442055411974593,
        1.979119519638173,
        0.14292104170769612
    ]
}