{
    "time": 1.6213550567626953,
    "failed_paths": 0,
    "initial_pose": [
        -0.15045327610635162,
        -0.05465416356265196,
        0.28016759662320445,
        1.7142160114621854,
        0.150568748178294,
        0.26503183389703555
    ]
}