{
    "time": 9.315835952758789,
    "failed_paths": 0,
    "initial_pose": [
        -0.2244604309246948,
        0.3119459163691203,
        0.21550736535727108,
        -0.21079217909038347,
        1.6172172303347279,
        2.571624257554922
    ]
}