{
    "time": 3.2260830402374268,
    "failed_paths": 0,
    "initial_pose": [
        -0.014674439727868194,
        -0.03441122023497989,
        0.5808839736241487,
        -2.1231272834316814,
        -2.271307114856838,
        1.8607797457703081
    ]
}