{
    "time": 2.596693992614746,
    "failed_paths": 0,
    "initial_pose": [
        -0.41488734008146233,
        -0.22446962603224396,
        0.29861342624278425,
        0,
        0,
        0
    ]
}