{
    "time": 24.87720274925232,
    "failed_paths": 0,
    "initial_pose": [
        -0.006555494652775606,
        0.4889492429345339,
        0.2635461174203989,
        1.9061920122463976,
        1.4103927917742836,
        -1.5800264886068638
    ]
}