{
    "time": 72.76666307449341,
    "failed_paths": 0,
    "initial_pose": [
        0.2990373813218241,
        0.33352425621450477,
        0.6117361563424211,
        2.9696228104449673,
        2.8178953018994135,
        -0.40897891730849056
    ]
}