{
    "time": 0.33899903297424316,
    "failed_paths": 0,
    "initial_pose": [
        0.1,
        -0.2,
        0.426,
        0.0,
        0,
        0.7853981633974483
    ]
}