{
    "time": 62.57988691329956,
    "failed_paths": 0,
    "initial_pose": [
        -0.051975533051606515,
        0.36527265845900336,
        0.7869647907307851,
        -1.982828722740249,
        2.6226373863437273,
        0.8822438057993278
    ]
}