{
    "time": 2.1881418228149414,
    "failed_paths": 0,
    "initial_pose": [
        0.042336348773761245,
        -0.33872589538443587,
        0.3601231972405594,
        0.22507579676636863,
        -0.004276430905596811,
        -1.4541325239988079
    ]
}