{
    "time": 2.919844150543213,
    "failed_paths": 0,
    "initial_pose": [
        0.3180314764774874,
        -0.2976242233346711,
        0.243100513701409,
        2.3412797955019653,
        2.9921877048364642,
        2.9533615615000604
    ]
}