{
    "time": 51.477845907211304,
    "failed_paths": 0,
    "initial_pose": [
        -0.09769023140858113,
        0.41111143163744535,
        0.4323477456816594,
        2.8864123658357244,
        2.919089365600323,
        0.07611717018008618
    ]
}