{
    "time": 1.4311213493347168,
    "failed_paths": 0,
    "initial_pose": [
        -0.49679311597367903,
        0.2629400318262145,
        0.49548516495697065,
        -3.104776366016008,
        -0.957181834350739,
        -1.7492105715585804
    ]
}