{
    "time": 1.0275909900665283,
    "failed_paths": 0,
    "initial_pose": [
        -0.4649743179002994,
        -0.10036415225601392,
        0.888354671848725,
        -1.8433582999328209,
        0.19246473427557545,
        -2.492557853124514
    ]
}