{
  "q1": [0.0012866841282197351, -0.00046387369173870425, 0.0026503410707455835, 1.0, 0.0, 0.0, 0.0],
  "q2_start": [0.08948116666635307, -8.41358354460592e-18, 0.3714286102214779, 1.0, 0.0, 0.0, 0.0],
  "q2_end": [2.0, 2.0, 2.0, 1.0, 0.0, 0.0, 0.0]}