{
    "time": 37.686232805252075,
    "failed_paths": 0,
    "initial_pose": [
        -0.2599970121897587,
        -0.12460357689045187,
        0.2688903689818409,
        -0.9497005047058237,
        -1.874421162131861,
        -2.5244283659660542
    ]
}