{
  "a_2": -0.4251,
  "a_3": -0.39215,
  "d_1": 0.074,
  "d_4": 0.10915,
  "d_5": 0.09465,
  "d_6": 0.20768442
}
