{
    "time": 3.7195630073547363,
    "failed_paths": 0,
    "initial_pose": [
        -0.4222631801314821,
        0.16498494062295366,
        0.65293941602573,
        -1.9749414872311968,
        0.05314539079270104,
        1.264198298763554
    ]
}