{
    "time": 6.222906112670898,
    "failed_paths": 0,
    "initial_pose": [
        0.2529684879524472,
        -0.21414567282083363,
        0.25647521934703277,
        2.7110676974025423,
        -1.3070859622100985,
        0.6133833972796063
    ]
}