{
    "time": 3.764206886291504,
    "failed_paths": 0,
    "initial_pose": [
        0.01833053532015161,
        0.14983762570052794,
        0.4719125245242184,
        0.20472883740509254,
        -2.679197678254118,
        0.9242395388455249
    ]
}