{
    "time": 2.6590259075164795,
    "failed_paths": 0,
    "initial_pose": [
        0.48905253180412933,
        0.20548882624126863,
        0.5918223950989945,
        0.8510180931706554,
        1.268381020985898,
        2.194117892079268
    ]
}