{
    "time": 7.607942819595337,
    "failed_paths": 0,
    "initial_pose": [
        0.1268596792865978,
        0.2157757090982867,
        0.48715501439585085,
        2.5227344004275487,
        -1.5124919339915994,
        0.28243415373497294
    ]
}