{
    "time": 1.959223747253418,
    "failed_paths": 0,
    "initial_pose": [
        -0.3122812695802505,
        -0.33397753703766975,
        0.3470300079764993,
        0,
        0,
        0
    ]
}