{
    "time": 2.9384169578552246,
    "failed_paths": 0,
    "initial_pose": [
        0.2357596562500721,
        -0.36242153578805403,
        0.2112258966245515,
        -1.4758368757224958,
        0.8114369953514239,
        -0.14242851447735763
    ]
}