{
    "time": 36.514461040496826,
    "failed_paths": 0,
    "initial_pose": [
        -0.18642031214080068,
        0.4423663351862618,
        0.8120202673767549,
        -1.188166081531147,
        -1.2352492719184565,
        1.8008677718366255
    ]
}