{
    "time": 2.9118900299072266,
    "failed_paths": 0,
    "initial_pose": [
        0.48069351288941276,
        0.22169150618636901,
        0.5961772590710434,
        1.64591574077827,
        0.4465269363086744,
        -0.07407711848889324
    ]
}