{
    "time": 19.41353988647461,
    "failed_paths": 0,
    "initial_pose": [
        0.43641199763277805,
        0.25030233304579375,
        0.21989172443094196,
        -0.6841027366888481,
        1.4567623672471224,
        -2.7720520214595026
    ]
}