{
    "time": 14.910903692245483,
    "failed_paths": 0,
    "initial_pose": [
        -0.134657097252583,
        -0.13516192884283407,
        0.685654277524649,
        -3.0809694947267827,
        2.043355801408558,
        1.442434794160584
    ]
}