{
    "time": 1.4805679321289062,
    "failed_paths": 0,
    "initial_pose": [
        -0.16775596924492342,
        0.0028027240355510408,
        0.29976939384946016,
        0,
        0,
        0
    ]
}