{
    "time": 2.4584150314331055,
    "failed_paths": 0,
    "initial_pose": [
        0.2072534788050009,
        0.3755242883645068,
        0.223675952846961,
        0,
        0,
        0
    ]
}