{
    "time": 17.147246837615967,
    "failed_paths": 0,
    "initial_pose": [
        0.2058654405992948,
        0.40081985418196264,
        0.24699086364896614,
        2.5149209532460617,
        2.047959097826553,
        0.5260226110614776
    ]
}