{
    "time": 1.7725682258605957,
    "failed_paths": 0,
    "initial_pose": [
        0.32556212124370165,
        -0.22689329701980532,
        0.2645949810884558,
        0,
        0,
        0
    ]
}