{
    "time": 4.058220863342285,
    "failed_paths": 0,
    "initial_pose": [
        -0.06494289970124068,
        -0.2082052075073102,
        0.4559351572005481,
        0,
        0,
        0
    ]
}