{
    "time": 3.9048240184783936,
    "failed_paths": 0,
    "initial_pose": [
        -0.3221301813470637,
        -0.34160799067234204,
        0.27484639855953025,
        2.8724702501676522,
        2.943563955547193,
        2.083317665702294
    ]
}