{
    "time": 1.627493143081665,
    "failed_paths": 0,
    "initial_pose": [
        -0.1344848350492348,
        -0.2307261942293335,
        0.6820219061518826,
        2.662652890037497,
        -0.7781181335950094,
        0.7329729505936462
    ]
}