{
    "time": 4.37034010887146,
    "failed_paths": 0,
    "initial_pose": [
        0.1282370461771889,
        -0.031183818058241997,
        0.44180257036963616,
        -1.5802198880747906,
        -2.259436285412451,
        -0.07008510207898273
    ]
}