{
    "time": 1.4244463443756104,
    "failed_paths": 0,
    "initial_pose": [
        0.3435097920638588,
        0.038943789057642175,
        0.29857073105873383,
        0,
        0,
        0
    ]
}