{
    "time": 2.3677940368652344,
    "failed_paths": 0,
    "initial_pose": [
        0.045448282758493,
        -0.37659195230007225,
        0.6389413239469706,
        0,
        0,
        0
    ]
}