{
    "time": 18.383970975875854,
    "failed_paths": 0,
    "initial_pose": [
        0.433382848551377,
        0.18711840078794917,
        0.29193241724177005,
        -0.7771346656649476,
        0.8322905044982509,
        -0.6147723766701324
    ]
}