{
    "time": 60.00986409187317,
    "failed_paths": 0,
    "initial_pose": [
        -0.08738322082880079,
        -0.12062738950605056,
        0.6936922680000575,
        0.5834829332004432,
        1.8310082713351243,
        -0.6670565050087285
    ]
}