{
    "time": 34.06231427192688,
    "failed_paths": 0,
    "initial_pose": [
        -0.3753545130182613,
        -0.2953907035108255,
        0.4161029119812351,
        0.2686310709111551,
        0.08194362797545696,
        -0.16006223590574697
    ]
}