{
    "time": 6.5102550983428955,
    "failed_paths": 0,
    "initial_pose": [
        -0.059856159323536384,
        -0.46920088183992703,
        0.2635774994184754,
        -0.5418141506710763,
        2.5882125161786136,
        3.1182061230157236
    ]
}