{"q1": [-0.1831530933049147, 0.08333406867464929, -0.021136112807187697, 1.0, 0.0, 0.0, 0.0], 
"q2_start": [0.6691892432815989, 0.13397999597924512, -2.7616477972074085e-05, 1.0, 0.0, 0.0, 0.0], 
"q2_end": [-2.0, -2.0, -2.0, 1.0, 0.0, 0.0, 0.0]}