{
    "time": 21.74640202522278,
    "failed_paths": 0,
    "initial_pose": [
        0.44433378652371647,
        -0.2164842716719938,
        0.20388196830602015,
        1.0369020250377161,
        1.5564409824028038,
        2.2494359576172713
    ]
}