{
    "time": 1.8559000492095947,
    "failed_paths": 0,
    "initial_pose": [
        -0.30269612600099316,
        0.3689664098404368,
        0.3951080363067956,
        -0.6756575181588301,
        1.1855957137337678,
        -0.34442743211552956
    ]
}