{
    "time": 21.536749839782715,
    "failed_paths": 0,
    "initial_pose": [
        -0.42092445619129204,
        0.21953792477691958,
        0.44848477470123826,
        1.7568422337113432,
        -2.311002672189249,
        0.5453383947675419
    ]
}