{
    "time": 2.487510919570923,
    "failed_paths": 0,
    "initial_pose": [
        -0.1719117395214117,
        -0.3577649178657544,
        0.5428240780953795,
        -2.0336117046468662,
        -0.11020323472287517,
        2.9562205030210476
    ]
}