{
    "time": 1.6552619934082031,
    "failed_paths": 0,
    "initial_pose": [
        0.42686828566281354,
        -0.11323855621755075,
        0.4478605115370603,
        0,
        0,
        0
    ]
}