{
    "time": 38.50330209732056,
    "failed_paths": 0,
    "initial_pose": [
        -0.23347130280048944,
        -0.11735949598010287,
        0.3898110366364983,
        -2.896810288379537,
        1.2886570742264543,
        2.3026547908203705
    ]
}