{
    "time": 2.0691967010498047,
    "failed_paths": 0,
    "initial_pose": [
        -0.05554194111672217,
        -0.26968151845498556,
        0.3811156746616975,
        -0.9874093297485661,
        0.016375468012305164,
        0.08734830657277125
    ]
}