{
    "time": 2.207949161529541,
    "failed_paths": 0,
    "initial_pose": [
        -0.3570672387739596,
        0.31845186702069606,
        0.3290691881311265,
        -0.3371076631646295,
        -1.0022880425218046,
        1.3527761613803508
    ]
}