{
    "time": 241.6099419593811,
    "failed_paths": 0,
    "initial_pose": [
        -0.07389268754516187,
        0.3892420530244689,
        0.6111353694094137,
        0.3036283470344886,
        -0.9445201546508667,
        -1.074195862197939
    ]
}