{
    "time": 2.4536325931549072,
    "failed_paths": 0,
    "initial_pose": [
        0.4886896562516251,
        0.32143917268816224,
        0.2544557588326082,
        0.8166114271096842,
        2.3380085537622235,
        -2.9618549446515603
    ]
}