{
    "time": 2.366881847381592,
    "failed_paths": 0,
    "initial_pose": [
        -0.19668089101583852,
        0.28075488649006186,
        0.31566975461579994,
        0,
        0,
        0
    ]
}