{
    "time": 9.530805110931396,
    "failed_paths": 0,
    "initial_pose": [
        0.06122342977518014,
        0.4826319014343836,
        0.459213654736158,
        -1.7757317168496547,
        0.2387248794064714,
        -1.5383348384894924
    ]
}