{
    "time": 1.6161551475524902,
    "failed_paths": 0,
    "initial_pose": [
        -0.43161118270525667,
        0.22614784118758557,
        0.6907545454495156,
        -0.20698303114729846,
        0.8664155080141177,
        -3.019982087313372
    ]
}