{
    "time": 20.68184494972229,
    "failed_paths": 0,
    "initial_pose": [
        -0.13925921691234355,
        -0.08820249772937039,
        0.8561952915624726,
        1.5536571403562889,
        0.07054976095445781,
        -2.990124040596055
    ]
}