{
    "time": 61.230043172836304,
    "failed_paths": 0,
    "initial_pose": [
        -0.293923726795264,
        0.3709852255197288,
        0.7280231306692646,
        -1.6939896493493443,
        -1.1063954892592416,
        0.959252753120192
    ]
}