{
    "time": 9.334544897079468,
    "failed_paths": 0,
    "initial_pose": [
        -0.18926924772717058,
        -0.4633935498973044,
        0.36930734770331913,
        2.2053834029762505,
        1.6419963986261628,
        -1.974781232407191
    ]
}