{
    "time": 13.20415997505188,
    "failed_paths": 0,
    "initial_pose": [
        0.24149140120694434,
        0.2486009781248011,
        0.3993161360485137,
        -2.6411954668055175,
        -2.888102273757158,
        1.6913248578378508
    ]
}