{
    "time": 3.2262790203094482,
    "failed_paths": 0,
    "initial_pose": [
        0.47911635987818013,
        0.17784500879314646,
        0.4917537594007243,
        0,
        0,
        0
    ]
}