{
    "time": 18.21015977859497,
    "failed_paths": 0,
    "initial_pose": [
        0.2145397843917768,
        0.45694647649479847,
        0.34914428113593177,
        1.0413455821450872,
        2.0019498228347676,
        2.464175844624202
    ]
}