{
    "time": 16.678112030029297,
    "failed_paths": 0,
    "initial_pose": [
        -0.040158162843950906,
        -0.1655947376327589,
        0.4152050816947781,
        0.36004904321494335,
        0.6662160694972136,
        2.1385040187152597
    ]
}