{
    "time": 10.607882976531982,
    "failed_paths": 0,
    "initial_pose": [
        -0.30396768405070196,
        0.47192763508494995,
        0.27408262547408,
        2.6968588616997526,
        -1.2129144389375874,
        2.5784089362925506
    ]
}