{
    "time": 4.6444501876831055,
    "failed_paths": 0,
    "initial_pose": [
        0.058121291297216326,
        -0.31948995251733625,
        0.2506933668220877,
        -2.9282904424472322,
        0.7684470577573774,
        -0.8605442843249558
    ]
}