{
    "time": 4.265904903411865,
    "failed_paths": 0,
    "initial_pose": [
        0.37000778487198394,
        -0.0670634194894788,
        0.29981352284688156,
        2.06970830806549,
        -0.0666555811251977,
        1.7018216470989673
    ]
}