{
    "time": 1.2883398532867432,
    "failed_paths": 0,
    "initial_pose": [
        -0.07151901313342235,
        -0.3856183431249741,
        0.6257343294678535,
        0,
        0,
        0
    ]
}