{
    "time": 19.343992233276367,
    "failed_paths": 0,
    "initial_pose": [
        -0.3582920326753204,
        0.10025470670152326,
        0.4478919586912161,
        -2.9597906333113233,
        -2.8222920262810156,
        0.7928910650399362
    ]
}