{
    "time": 1.6061089038848877,
    "failed_paths": 0,
    "initial_pose": [
        -0.28220363966149875,
        -0.20429747177810276,
        0.6380498912691455,
        0.25029682993147034,
        2.824711054702904,
        -0.6910424865285651
    ]
}