{
    "time": 1.9496212005615234,
    "failed_paths": 0,
    "initial_pose": [
        -0.26731672192037736,
        -0.4048590026606349,
        0.6436822634789096,
        1.3027920263444117,
        -3.025675027188023,
        -0.8651740915793007
    ]
}