{
    "time": 23.027280807495117,
    "failed_paths": 0,
    "initial_pose": [
        0.10573232320071113,
        0.3841213155373969,
        0.5802288085421777,
        1.254468397174056,
        -0.38256843201200763,
        3.024141115413892
    ]
}