{
    "time": 2.5210719108581543,
    "failed_paths": 0,
    "initial_pose": [
        0.46981686743880147,
        -0.4862490346257089,
        0.22967965516945982,
        -0.05411959836699765,
        -2.3719578611593892,
        -1.640023053147094
    ]
}