{
    "time": 3.6447482109069824,
    "failed_paths": 0,
    "initial_pose": [
        0.36287279076054324,
        -0.1813394049809316,
        0.4845565844125775,
        -1.9963656920093853,
        1.2575541913627541,
        1.8116183095976193
    ]
}