{
    "time": 3.1209261417388916,
    "failed_paths": 0,
    "initial_pose": [
        0.37721026015602677,
        -0.12780458463581523,
        0.4443396373852866,
        0,
        0,
        0
    ]
}