{
    "time": 20.22038698196411,
    "failed_paths": 0,
    "initial_pose": [
        0.291568885122629,
        -0.3145626944053854,
        0.8793771313323553,
        2.980298637963188,
        1.4891310965044529,
        2.9389481950084595
    ]
}