{
    "time": 0.9230301380157471,
    "failed_paths": 0,
    "initial_pose": [
        0.4626388535518411,
        0.0666027996452846,
        0.34547462442889526,
        0,
        0,
        0
    ]
}