{
    "time": 1.0647759437561035,
    "failed_paths": 0,
    "initial_pose": [
        0.06155565481298508,
        -0.42477102523824517,
        0.615454667926735,
        0,
        0,
        0
    ]
}