{
    "time": 15.192054986953735,
    "failed_paths": 0,
    "initial_pose": [
        0.22338569500831895,
        0.038569411320083846,
        0.46038706505696314,
        -1.2201569821987015,
        2.9648974156122305,
        -1.2250461636496177
    ]
}