{
    "time": 2.354153871536255,
    "failed_paths": 0,
    "initial_pose": [
        -0.17205630501463443,
        0.040472121470745304,
        0.3412470389478271,
        0,
        0,
        0
    ]
}