{
    "time": 18.51030707359314,
    "failed_paths": 0,
    "initial_pose": [
        0.3315658832364978,
        -0.26559599097285747,
        0.25864410936454457,
        0.16892662385164392,
        1.078629660219453,
        -2.437403949038819
    ]
}