{
    "time": 2.2854981422424316,
    "failed_paths": 0,
    "initial_pose": [
        0.4417910677558683,
        0.21930875586458332,
        0.25929413765602544,
        0.2506628339588724,
        1.801105457495795,
        -1.951669171087225
    ]
}