{
    "time": 20.950596809387207,
    "failed_paths": 0,
    "initial_pose": [
        -0.30674959551186687,
        -0.049274294525517126,
        0.20052844308474432,
        -1.9643086587742726,
        2.7627396046695507,
        -1.7320970191867322
    ]
}