{
    "time": 47.883129835128784,
    "failed_paths": 0,
    "initial_pose": [
        0.2621525214840186,
        0.4012088110783304,
        0.6477239751386669,
        1.9764186573868001,
        2.361354814289873,
        -2.762811113940275
    ]
}