{
    "time": 5.039016246795654,
    "failed_paths": 0,
    "initial_pose": [
        -0.28868487307637936,
        0.41394206472225525,
        0.48339446923253176,
        -0.9370056513124884,
        0.28423099042189043,
        1.2273165807148936
    ]
}