{
    "time": 1.5194628238677979,
    "failed_paths": 0,
    "initial_pose": [
        0.32572931668017524,
        -0.29313282146139796,
        0.3179354017762905,
        -1.4934281933317972,
        -0.33610870195079573,
        2.5736212429582315
    ]
}