{
    "time": 2.406522750854492,
    "failed_paths": 0,
    "initial_pose": [
        0.40764957226987886,
        -0.22663491000702185,
        0.4025572848479875,
        0,
        0,
        0
    ]
}