{
    "time": 1.4748790264129639,
    "failed_paths": 0,
    "initial_pose": [
        -0.3013420366211137,
        -0.061559951330596774,
        0.7603552650284682,
        -2.922378127025866,
        -0.4414038625183584,
        2.8713735138834626
    ]
}