{
    "time": 5.634399890899658,
    "failed_paths": 0,
    "initial_pose": [
        -0.3495904000759307,
        0.09888808456120424,
        0.3561925246297696,
        -0.736392373755431,
        2.129773381460813,
        -3.127336008639898
    ]
}