{
    "time": 11.774413108825684,
    "failed_paths": 0,
    "initial_pose": [
        -0.18124639391857422,
        -0.06666522510802952,
        0.8578738090665752,
        0.4517830686643015,
        1.3971136541115985,
        -1.104263937363778
    ]
}