{
    "time": 1.3617420196533203,
    "failed_paths": 0,
    "initial_pose": [
        -0.059412302901907466,
        0.2685448500331158,
        0.2703787471095542,
        1.8893993351109473,
        -2.368399170767755,
        -2.5687090779273083
    ]
}