{
    "time": 1.076106071472168,
    "failed_paths": 0,
    "initial_pose": [
        0.05846155558460142,
        -0.2662005993565405,
        0.5844039338512577,
        2.6658853243082232,
        -0.7142993302085295,
        -1.4116428300395638
    ]
}