{
    "time": 20.797044038772583,
    "failed_paths": 0,
    "initial_pose": [
        0.1273522517138589,
        0.44296004852815996,
        0.6974661344263455,
        2.8260405799997574,
        -2.3017366487795803,
        0.6236942915814276
    ]
}