{
    "time": 1.7533812522888184,
    "failed_paths": 0,
    "initial_pose": [
        -0.3712065603954655,
        -0.381498695752024,
        0.7954510095603864,
        1.4456410765202332,
        0.945288312679395,
        -0.05440125414527509
    ]
}