{
    "time": 1.763930082321167,
    "failed_paths": 0,
    "initial_pose": [
        -0.16654823123419715,
        0.14428138551094583,
        0.5159932422543954,
        -1.0988314860812856,
        -1.681301626343052,
        0.09877009695991454
    ]
}