{
    "time": 3.8296618461608887,
    "failed_paths": 0,
    "initial_pose": [
        -0.28613761443945984,
        0.19983958602794893,
        0.5919770392157707,
        0.162449738135114,
        0.22866019444318564,
        -2.1724203363343855
    ]
}