{
    "time": 4.07297682762146,
    "failed_paths": 0,
    "initial_pose": [
        0.19265801906686142,
        0.2576935571679826,
        0.4660954318999071,
        -1.1675612315715391,
        -0.8126456741459049,
        -1.1722768510366375
    ]
}