{
    "time": 2.6547110080718994,
    "failed_paths": 0,
    "initial_pose": [
        0.013331640496353603,
        -0.36440700384318303,
        0.2153680150461286,
        0,
        0,
        0
    ]
}