{
    "time": 1.7403721809387207,
    "failed_paths": 0,
    "initial_pose": [
        0.32132353600082497,
        -0.12956016223817213,
        0.3012835403979809,
        1.7441585724500148,
        -1.8152833928879792,
        -1.2091368044821538
    ]
}