{
    "time": 28.972962141036987,
    "failed_paths": 0,
    "initial_pose": [
        -0.3313693060605396,
        -0.1817150917738598,
        0.85867897102448,
        0.48164871479916477,
        -0.9251691788327149,
        2.2028363296126754
    ]
}