{
    "time": 53.033036947250366,
    "failed_paths": 0,
    "initial_pose": [
        0.04978632142108752,
        0.14584583551429753,
        0.7550644486991216,
        0.9807697449818316,
        2.0431997726867346,
        -0.9015280530111142
    ]
}