{
    "time": 1.701819896697998,
    "failed_paths": 0,
    "initial_pose": [
        -0.19420962826479105,
        0.4204375367558293,
        0.3967843647611481,
        1.2275215310924399,
        -0.2424391744579487,
        1.9756686696025094
    ]
}