{
    "time": 22.488794088363647,
    "failed_paths": 0,
    "initial_pose": [
        0.3450558826453777,
        0.44242432408496424,
        0.39978120791958477,
        -0.900614912864398,
        -0.9290308810911124,
        2.6222214229068164
    ]
}