{
    "time": 10.107024192810059,
    "failed_paths": 0,
    "initial_pose": [
        0.24596858322107462,
        -0.2232580823312722,
        0.23088557179593355,
        -0.3135727025865103,
        -3.0557179561559407,
        -1.6180562960172544
    ]
}