{
    "time": 2.125910997390747,
    "failed_paths": 0,
    "initial_pose": [
        -0.4894059276677897,
        -0.2604026417860683,
        0.31741927662215,
        -2.6449995040408103,
        1.6493762807913033,
        -2.3439640035990528
    ]
}