{
    "time": 4.784483194351196,
    "failed_paths": 0,
    "initial_pose": [
        0.14224123422429658,
        0.20804851349367826,
        0.534505817110368,
        0,
        0,
        0
    ]
}