{
    "time": 5.147547006607056,
    "failed_paths": 0,
    "initial_pose": [
        -0.292857947718109,
        -0.3065538284412428,
        0.5132695566969936,
        2.112856423680972,
        2.5797057156971266,
        1.0802237303642888
    ]
}