{
    "time": 7.052434921264648,
    "failed_paths": 0,
    "initial_pose": [
        -0.21272866216883468,
        0.3485834831370147,
        0.8255664758036196,
        -1.6663436930047022,
        0.27105971850880456,
        -2.7359605700911716
    ]
}