{
    "time": 18.68691396713257,
    "failed_paths": 0,
    "initial_pose": [
        -0.21002079833056708,
        -0.3500928053725769,
        0.39657083452927633,
        -1.4225576689830584,
        -2.2208057466193667,
        -1.4743419138353964
    ]
}