{
    "time": 6.898573637008667,
    "failed_paths": 0,
    "initial_pose": [
        0.09359654351682112,
        -0.4502636739019842,
        0.4749552523800947,
        -0.8613900625104068,
        -0.5951046020515474,
        1.1686946823798094
    ]
}