{
    "q1": [0.0018110634517234671, -0.20807533173555476, 0.007079113202277244, 1, 0, 0, 0],
    "q2_start": [-0.3394064310605814, 0.02589276768012121, -0.12569318725624326, 1, 0, 0, 0],
    "q2_end": [2, 2, 2, 1, 0, 0, 0]
}