{
    "time": 3.5525131225585938,
    "failed_paths": 0,
    "initial_pose": [
        -0.31035490755763406,
        0.27604375660612,
        0.8018994837151783,
        -0.08298441900989256,
        1.1472252446962383,
        2.208356556532611
    ]
}