{
    "time": 4.913590669631958,
    "failed_paths": 0,
    "initial_pose": [
        -0.1475316742133419,
        0.26924488891690124,
        0.31051224886378237,
        0.0640344415717666,
        0.16093911297437807,
        -2.151827354083082
    ]
}