{
    "time": 2.267443895339966,
    "failed_paths": 0,
    "initial_pose": [
        0.05896390304259602,
        0.408581701862465,
        0.5730708021030041,
        -2.057851567329587,
        0.8478426239874708,
        -2.838186374780113
    ]
}