{
    "time": 21.7445707321167,
    "failed_paths": 0,
    "initial_pose": [
        0.38423281622252226,
        0.15727554948550848,
        0.40764105950054524,
        0.026435020416197972,
        -0.23284579318983362,
        -1.3981260926304482
    ]
}