{
    "time": 8.406460046768188,
    "failed_paths": 0,
    "initial_pose": [
        -0.3465186914726096,
        -0.18355740154844702,
        0.35118453603955035,
        0.778738054421197,
        0.7218543906209952,
        0.5572540821903754
    ]
}