{
    "time": 1.422489881515503,
    "failed_paths": 0,
    "initial_pose": [
        -0.23542315110531564,
        0.380246075126236,
        0.32398365841592647,
        0,
        0,
        0
    ]
}