{
    "time": 54.9852819442749,
    "failed_paths": 0,
    "initial_pose": [
        -0.18184275946860817,
        0.23991058920561492,
        0.7585954715363776,
        -0.8986168532642206,
        -1.0441747953591287,
        1.5397465276395752
    ]
}