{
    "time": 1.5728468894958496,
    "failed_paths": 0,
    "initial_pose": [
        0.2614487880625618,
        0.29761994990037155,
        0.5305502419612782,
        -1.0919043505086532,
        -1.0402439728634254,
        -1.5750471997734505
    ]
}