{
    "time": 1.2888939380645752,
    "failed_paths": 0,
    "initial_pose": [
        -0.28197616738713904,
        -0.137602793177237,
        0.7073412538984829,
        -0.6953753359097802,
        -2.792008236450066,
        0.6075974847846161
    ]
}