{
    "time": 9.223099946975708,
    "failed_paths": 0,
    "initial_pose": [
        0.1423275293292675,
        -0.3743703814865167,
        0.6637315809898616,
        1.3331292203453857,
        0.10595305092342795,
        -2.823596100131002
    ]
}