{
    "time": 46.90118980407715,
    "failed_paths": 0,
    "initial_pose": [
        0.2478976898217774,
        -0.03150046228035985,
        0.6029026195083036,
        1.9679120769956777,
        -1.547524633895899,
        -1.8571823852702165
    ]
}