{
    "time": 2.3894107341766357,
    "failed_paths": 0,
    "initial_pose": [
        0.34771609874817533,
        0.054544189109924535,
        0.5329138810181836,
        -2.2947320664561053,
        -1.892895376653804,
        2.389532866107568
    ]
}