{
    "time": 1.4531068801879883,
    "failed_paths": 0,
    "initial_pose": [
        -0.0015973054613995785,
        -0.21885584254482282,
        0.40638770490357523,
        0,
        0,
        0
    ]
}