{
    "time": 11.536009073257446,
    "failed_paths": 0,
    "initial_pose": [
        0.4190176093701119,
        0.29849799564778456,
        0.3513674981760571,
        -0.5335939498021314,
        -0.6560881667302695,
        1.8464151915866847
    ]
}