{
    "time": 5.979074954986572,
    "failed_paths": 0,
    "initial_pose": [
        -0.2965792008724869,
        -0.3793309033948977,
        0.22496609847532403,
        -0.8626040789004401,
        1.9987559987562629,
        0.6704283892269438
    ]
}