{
    "time": 4.351428031921387,
    "failed_paths": 0,
    "initial_pose": [
        0.377321649894237,
        0.413557537083564,
        0.3963925921029449,
        -0.3112125582240973,
        -2.125253590854675,
        -3.0374323473713236
    ]
}