{
    "time": 1.3427469730377197,
    "failed_paths": 0,
    "initial_pose": [
        0.16199665372526173,
        0.017202868996681442,
        0.5096024040629555,
        -1.0331345114266584,
        1.2528853531404476,
        -0.003637942371934794
    ]
}