{
    "time": 6.936153888702393,
    "failed_paths": 0,
    "initial_pose": [
        0.29903788005927734,
        -0.12075319152579056,
        0.35914723689010924,
        1.744125000829171,
        -0.9691271636241695,
        1.5107384865278521
    ]
}