{
    "time": 9.298431873321533,
    "failed_paths": 0,
    "initial_pose": [
        -0.028591240539863283,
        0.2566209018284016,
        0.4606678890221612,
        -0.9844683449796654,
        0.45797445384617536,
        -1.6175479476976078
    ]
}