{
    "time": 82.85890889167786,
    "failed_paths": 0,
    "initial_pose": [
        -0.17870319873864227,
        -0.3899845046458117,
        0.27462351000507595,
        0.7447699881297518,
        0.6149273292699599,
        1.955664185876008
    ]
}