{
    "time": 1.4872870445251465,
    "failed_paths": 0,
    "initial_pose": [
        -0.003152711689036969,
        0.49045940057049486,
        0.33136429222214386,
        0,
        0,
        0
    ]
}