{
    "time": 1.6420040130615234,
    "failed_paths": 0,
    "initial_pose": [
        0.35474610783487515,
        0.0066289193069356545,
        0.8485414398527393,
        3.0325056093835463,
        -1.8883642705786583,
        2.98948398795417
    ]
}