{
    "time": 17.255249977111816,
    "failed_paths": 0,
    "initial_pose": [
        -0.19385151912377607,
        -0.29585486511386705,
        0.22430653684385132,
        2.666550197718108,
        2.098801026585203,
        -1.905151371203869
    ]
}