{
    "time": 1.9238011837005615,
    "failed_paths": 0,
    "initial_pose": [
        0.15987288761404983,
        0.16691378627865872,
        0.33482724937576225,
        -1.7975128590894425,
        0.4701092104327642,
        0.9978962311665733
    ]
}