{
    "time": 5.668457984924316,
    "failed_paths": 0,
    "initial_pose": [
        0.14223227152572948,
        -0.402693352350582,
        0.8573407074685913,
        -1.1836614395546277,
        2.6701768407811564,
        0.5450795367983539
    ]
}