{
    "time": 1.5170049667358398,
    "failed_paths": 0,
    "initial_pose": [
        0.3224172709319977,
        -0.27995594722035033,
        0.21819256086405217,
        -0.19440725442376472,
        -2.3979278559805204,
        -0.7496665033237427
    ]
}