{
    "time": 12.39176893234253,
    "failed_paths": 0,
    "initial_pose": [
        0.32654767062364076,
        0.4310132915875743,
        0.4329938762393201,
        0.031099174460841653,
        -1.0952262138725917,
        -2.790495289721153
    ]
}