{
    "time": 41.9543240070343,
    "failed_paths": 0,
    "initial_pose": [
        0.2713296672138351,
        0.026882840929425722,
        0.38705973430536345,
        1.9374620166589704,
        -1.786843088014445,
        -1.6927128379228051
    ]
}