{
    "time": 1.87440824508667,
    "failed_paths": 0,
    "initial_pose": [
        -0.2735706337220465,
        0.21878861476929912,
        0.770273191788287,
        1.5097275664337382,
        1.9694008624959585,
        2.001842528147419
    ]
}