{
    "time": 2.312711000442505,
    "failed_paths": 0,
    "initial_pose": [
        0.07943131904204648,
        0.4339131550341182,
        0.5174099354955122,
        2.9317885679853655,
        -2.008314136976818,
        1.2643811550427395
    ]
}