{
    "time": 2.2564711570739746,
    "failed_paths": 0,
    "initial_pose": [
        -0.4133098219391438,
        0.008548517163779579,
        0.7397210859679171,
        2.6774630632317757,
        2.243019146255058,
        -0.2233009105075706
    ]
}