{
    "time": 2.398350238800049,
    "failed_paths": 0,
    "initial_pose": [
        0.19212625631262514,
        -0.19531913344132024,
        0.6171227168488127,
        -1.941131356568713,
        -0.2216374025448179,
        -1.9956344615979524
    ]
}