{
    "time": 33.126635789871216,
    "failed_paths": 0,
    "initial_pose": [
        -0.2891276135174343,
        -0.26018250586834935,
        0.5218192075347315,
        -1.7205074193932062,
        -1.2544877916543526,
        1.7132444559800828
    ]
}