{
    "time": 3.7314367294311523,
    "failed_paths": 0,
    "initial_pose": [
        0.0643450263563301,
        -0.22048429881838894,
        0.2529607399923122,
        -1.0327243108949336,
        0.3230460519945571,
        1.1137028043361827
    ]
}