{
    "time": 8.738740921020508,
    "failed_paths": 0,
    "initial_pose": [
        0.38777742434177986,
        -0.3308848601136908,
        0.6122069782036197,
        0.7995679930202836,
        1.4119996201584772,
        -0.7806209512777851
    ]
}