{
    "time": 8.339007139205933,
    "failed_paths": 0,
    "initial_pose": [
        -0.08142005431496635,
        0.15803540050748144,
        0.5845924478062806,
        -1.752398096594891,
        1.9450357191225827,
        0.40759030439719746
    ]
}