{
    "time": 41.04516291618347,
    "failed_paths": 0,
    "initial_pose": [
        -0.006838453552672541,
        -0.407472670201658,
        0.35469462071057334,
        -1.3528564756985868,
        -2.451195115609276,
        -1.5163989902533384
    ]
}