{
    "time": 1.3207879066467285,
    "failed_paths": 0,
    "initial_pose": [
        -0.1710932487584651,
        -0.25111323771338356,
        0.32371552856696306,
        -2.633476499652109,
        2.1527293738185387,
        -2.6422713849966883
    ]
}