{
    "time": 3.436978816986084,
    "failed_paths": 0,
    "initial_pose": [
        -0.337584438341611,
        -0.012587954994347061,
        0.5067736206340949,
        1.508412303913406,
        2.49194114070903,
        1.0991797674731034
    ]
}