{
    "time": 3.6968977451324463,
    "failed_paths": 0,
    "initial_pose": [
        -0.44657967429997714,
        0.13026423428338463,
        0.23194344326555452,
        1.5966541147225892,
        2.747713061258798,
        -1.2087079452122378
    ]
}