{
    "time": 1.3688931465148926,
    "failed_paths": 0,
    "initial_pose": [
        -0.10474704430613035,
        0.4238797441548151,
        0.41063605302423467,
        0,
        0,
        0
    ]
}