{
    "time": 1.2935640811920166,
    "failed_paths": 0,
    "initial_pose": [
        0.4478025114728318,
        0.04811647141204489,
        0.36182167893677386,
        -1.5561906189394084,
        1.1182338350297978,
        -1.6315359142226107
    ]
}