{
    "time": 59.95233917236328,
    "failed_paths": 0,
    "initial_pose": [
        0.3003351608303806,
        0.44616379074533075,
        0.8023770173433866,
        1.7270406434785717,
        -3.001084767953829,
        -1.7111855821649586
    ]
}