{
    "time": 184.0704641342163,
    "failed_paths": 0,
    "initial_pose": [
        -0.19945467133255246,
        -0.3673804990943682,
        0.32960115233504483,
        1.7627947181769659,
        -0.7744510873284515,
        0.6347821898592892
    ]
}