{
    "time": 1.646186113357544,
    "failed_paths": 0,
    "initial_pose": [
        -0.11567344076692376,
        -0.3767242871621408,
        0.4317053914053862,
        -2.31879258675546,
        1.2176901706811876,
        -0.19741107885143663
    ]
}