{
  "q1": [
    -0.062172285733550096, 0.0035323838806720145, 0.001486809484964794, 1.0,
    0.0, 0.0, 0.0
  ],
  "q2_start": [
    -0.05462814478541594, -0.0007529330590515207, 0.014021519886405846, 1.0,
    0.0, 0.0, 0.0
  ],
  "q2_end": [2, 2, 2, 1.0, 0.0, 0.0, 0.0]
}
