{
    "time": 3.799239158630371,
    "failed_paths": 0,
    "initial_pose": [
        -0.42002133612847403,
        -0.07325602187157021,
        0.3952066508545832,
        0,
        0,
        0
    ]
}