{
    "time": 4.650742053985596,
    "failed_paths": 0,
    "initial_pose": [
        0.27084914372673263,
        0.4858353642471346,
        0.2059217244286174,
        -1.2723837119754176,
        2.9048063757656943,
        2.973052973866313
    ]
}