{
    "time": 3.008981943130493,
    "failed_paths": 0,
    "initial_pose": [
        -0.40294381323173944,
        0.26866637453506215,
        0.5405611358777243,
        0.29384177631921926,
        -2.352504055876758,
        -0.35973413865977055
    ]
}