{
    "time": 59.865745067596436,
    "failed_paths": 0,
    "initial_pose": [
        -0.07981026557344229,
        0.4902728736445743,
        0.2617254848877433,
        -2.3619276991780995,
        -1.9175225769990547,
        0.8887490891803549
    ]
}