{
    "time": 8.459665060043335,
    "failed_paths": 0,
    "initial_pose": [
        0.07391595131891726,
        -0.13950790148983805,
        0.29532675045146817,
        -0.511077662833673,
        0.1146874717884861,
        -2.2435390663511634
    ]
}