{
    "time": 13.307569980621338,
    "failed_paths": 0,
    "initial_pose": [
        -0.17453853476636016,
        -0.2284597524922527,
        0.2583044622207199,
        1.0719000157872904,
        -2.794184094839643,
        1.4984201990752781
    ]
}