{
    "time": 18.86674475669861,
    "failed_paths": 0,
    "initial_pose": [
        0.18488521728255602,
        -0.4763703548880722,
        0.8452979423211151,
        1.6590402952675098,
        1.3767491601873854,
        -1.8683367861244322
    ]
}