{
    "time": 2.5227129459381104,
    "failed_paths": 0,
    "initial_pose": [
        0.44728108441715786,
        0.20470405229647304,
        0.5732007467019352,
        -0.7798503412074349,
        0.06331421604764471,
        -1.6512336726060162
    ]
}