{
    "time": 1.0970332622528076,
    "failed_paths": 0,
    "initial_pose": [
        0.07831418610370333,
        0.0899295077327521,
        0.58546013336376,
        0,
        0,
        0
    ]
}