{
    "time": 7.1244049072265625,
    "failed_paths": 0,
    "initial_pose": [
        0.17131765550181766,
        0.45472712543083027,
        0.464254874270273,
        1.8824216659504074,
        -2.993492120305992,
        2.7498645306073275
    ]
}