{
    "time": 3.0940020084381104,
    "failed_paths": 0,
    "initial_pose": [
        -0.0468538578743819,
        -0.4050186023944816,
        0.4724206292828102,
        -0.7623949385715493,
        0.548430091304632,
        -2.562526152957109
    ]
}