{
    "time": 13.987701177597046,
    "failed_paths": 0,
    "initial_pose": [
        0.315142124875355,
        -0.2013868223790547,
        0.46754759707493065,
        0.6673832567077612,
        0.8839793405363585,
        2.922595885247627
    ]
}