{
    "time": 4.141012907028198,
    "failed_paths": 0,
    "initial_pose": [
        -0.367069886100044,
        0.05326403244747846,
        0.2743693577650794,
        3.0992908687988154,
        -3.0289426216068183,
        -2.954898383286729
    ]
}