{
    "time": 49.51583385467529,
    "failed_paths": 0,
    "initial_pose": [
        0.19763931603600837,
        0.006067632319501359,
        0.8129245596244048,
        -1.9734743961271795,
        2.585140872357814,
        1.9324753924325462
    ]
}