{
    "time": 1.2801799774169922,
    "failed_paths": 0,
    "initial_pose": [
        -0.4378292722386361,
        -0.30964846113850064,
        0.24945250781311937,
        -0.8562424961186564,
        1.874464296607766,
        2.0765640860378496
    ]
}