{
    "time": 1.6961009502410889,
    "failed_paths": 0,
    "initial_pose": [
        -0.027285784255592804,
        -0.018534915476146052,
        0.3314145901613112,
        0,
        0,
        0
    ]
}