{
    "time": 1.19356107711792,
    "failed_paths": 0,
    "initial_pose": [
        0.39088159297321057,
        -0.05183608035334264,
        0.6749976490192975,
        -0.8042305950246283,
        1.805252433512462,
        -2.7677349300128515
    ]
}