{
    "time": 39.05461621284485,
    "failed_paths": 0,
    "initial_pose": [
        -0.4787572491577783,
        -0.34834069113341815,
        0.39016356286156284,
        -2.7408231075890215,
        -2.6040400821942535,
        2.147255923608856
    ]
}