{
    "time": 4.929344892501831,
    "failed_paths": 0,
    "initial_pose": [
        0.23873904674625013,
        -0.3354886034525957,
        0.6483374519786312,
        0.04031410560534436,
        -0.21279058720589197,
        0.9374879502409338
    ]
}