{
    "time": 6.274254083633423,
    "failed_paths": 0,
    "initial_pose": [
        0.25584256609789047,
        0.35451638302204147,
        0.21351922638545626,
        0.7776151482495695,
        1.8164188363047882,
        2.377429598072801
    ]
}