{
    "time": 29.953103065490723,
    "failed_paths": 0,
    "initial_pose": [
        -0.3297859000098631,
        0.1605061963908101,
        0.8570123176764497,
        1.853463186643057,
        -1.7756387289132125,
        -1.7067958435427475
    ]
}