{
    "time": 23.123778820037842,
    "failed_paths": 0,
    "initial_pose": [
        0.11882343904563286,
        -0.432480143806923,
        0.7913931359190614,
        0.3860518730271905,
        1.449616045590136,
        -0.7276898203881329
    ]
}