{
  "q1": [0.0, 0.0, 0.0, 1, 0, 0, 0],
  "q2_start": [
    0.3999999761581421, -0.5473684072494507, -0.621052622795105,
    0.7255148381616423, 0.6638184847489589, -0.134454004549138,
    -0.12204654674992894
  ],
  "q2_start_easy": [
    0.3999999761581421, 0.11578953266143799, -0.1473684310913086,
    0.13384221133348, 0.2626537188954623, -0.5144991459238515,
    0.8052266235410841
  ],
  "q2_end": [-2, 2, 2, 1, 0, 0, 0],
  "sampling": 20000
}
