{
    "time": 20.320913314819336,
    "failed_paths": 0,
    "initial_pose": [
        0.06989786132785303,
        0.473456587320363,
        0.2797488241788608,
        3.089600391280374,
        0.157114747151091,
        -1.5288358940696947
    ]
}