{
    "time": 3.7279951572418213,
    "failed_paths": 0,
    "initial_pose": [
        -0.26187927779998266,
        -0.05815698770845246,
        0.23072634157413924,
        0,
        0,
        0
    ]
}