{
    "time": 2.9521420001983643,
    "failed_paths": 0,
    "initial_pose": [
        -0.36312031429816805,
        -0.2631721992351872,
        0.25183320900658546,
        0,
        0,
        0
    ]
}