{
    "time": 3.094331979751587,
    "failed_paths": 0,
    "initial_pose": [
        -0.06801813472453855,
        0.11526864630078848,
        0.5952062009311165,
        -2.585901723990146,
        0.5919377142868213,
        -2.231185776286879
    ]
}