{
    "time": 14.36809778213501,
    "failed_paths": 0,
    "initial_pose": [
        0.45686101526291634,
        0.025123278520908676,
        0.7390128747063329,
        -0.9133718794225998,
        0.9341553975614437,
        0.0400649145142252
    ]
}