{
    "time": 1.8136889934539795,
    "failed_paths": 0,
    "initial_pose": [
        0.07118221139174552,
        0.13527515053509542,
        0.6170364965211058,
        2.5530970268293114,
        2.885480779665979,
        0.5148373495815586
    ]
}