{
    "time": 1.8117609024047852,
    "failed_paths": 0,
    "initial_pose": [
        -0.3249487566507029,
        0.33184421291569655,
        0.22554522726969065,
        0,
        0,
        0
    ]
}