{
    "time": 20.01897883415222,
    "failed_paths": 0,
    "initial_pose": [
        0.03159545030662325,
        0.10518291112106382,
        0.21614799896758535,
        -1.9619519360268083,
        -1.2279597794951713,
        -1.354082827844785
    ]
}