{
    "time": 35.793070793151855,
    "failed_paths": 0,
    "initial_pose": [
        0.16605468329286588,
        0.1960254776845597,
        0.24180710424822888,
        -2.8953260028769328,
        2.665295070081423,
        3.1277612171875577
    ]
}