{
    "time": 3.8608670234680176,
    "failed_paths": 0,
    "initial_pose": [
        0.422258422046382,
        0.18468456916990839,
        0.6922457888532134,
        0.2775201107530445,
        1.763312344352991,
        2.0305853873018527
    ]
}