{
    "time": 2.015655040740967,
    "failed_paths": 0,
    "initial_pose": [
        -0.44925488233593047,
        -0.36420595909660336,
        0.27713730187034563,
        0,
        0,
        0
    ]
}