{
    "time": 1.4513380527496338,
    "failed_paths": 0,
    "initial_pose": [
        -0.47278471916329734,
        -0.4085732785806485,
        0.261308358638875,
        -2.2215373659799753,
        -0.27737097190429355,
        -0.5960161600860432
    ]
}