{
    "time": 3.838578939437866,
    "failed_paths": 0,
    "initial_pose": [
        0.3422040232649035,
        0.264768264726584,
        0.23150482421971305,
        -1.7783317843862578,
        0.17447941138441359,
        -1.9116546905847225
    ]
}