{
    "time": 2.1761648654937744,
    "failed_paths": 0,
    "initial_pose": [
        0.3323917999532293,
        -0.2923452487946405,
        0.33456652608539855,
        -2.234713132810672,
        2.2526096151404893,
        2.710473423154853
    ]
}