{
    "time": 1.1436569690704346,
    "failed_paths": 0,
    "initial_pose": [
        0.15540777493135238,
        -0.38185786535509714,
        0.6183790839889962,
        0,
        0,
        0
    ]
}