{
    "time": 5.709299325942993,
    "failed_paths": 0,
    "initial_pose": [
        0.009205833222165949,
        -0.49419525258617847,
        0.382183324317511,
        -1.7380214968993153,
        1.3445080049174791,
        0.17491980412423994
    ]
}