{
    "time": 6.096621036529541,
    "failed_paths": 0,
    "initial_pose": [
        0.3130424987858881,
        -0.3895012874906707,
        0.3020347991176672,
        -0.19569796979470305,
        1.4948714964325633,
        2.9326514023370196
    ]
}