{
    "time": 1.4972727298736572,
    "failed_paths": 0,
    "initial_pose": [
        0.0649725751228033,
        -0.31881467467713487,
        0.41555128307394734,
        0.8047575938238282,
        1.2816170909116478,
        0.3518118566097565
    ]
}