{
    "time": 31.941097021102905,
    "failed_paths": 0,
    "initial_pose": [
        -0.07152285406596626,
        0.23016756554303053,
        0.37041806291271717,
        -2.421322847756096,
        3.141258174752416,
        -0.6941182693923406
    ]
}