{
    "time": 1.2795379161834717,
    "failed_paths": 0,
    "initial_pose": [
        0.4987661358166978,
        0.3679013494378067,
        0.28954932367236524,
        0.7480079995966875,
        0.47456097045742385,
        2.214236556514962
    ]
}