{
    "time": 7.354050159454346,
    "failed_paths": 0,
    "initial_pose": [
        0.01384461315946961,
        -0.19418048843620117,
        0.2728724629830539,
        -0.30869639586817516,
        -0.8486876495226509,
        -2.288879709181646
    ]
}