{
    "time": 3.285569906234741,
    "failed_paths": 0,
    "initial_pose": [
        0.3032068742274512,
        -0.43583087285441724,
        0.4138108801475311,
        0,
        0,
        0
    ]
}