{
    "time": 3.2300617694854736,
    "failed_paths": 0,
    "initial_pose": [
        -0.3057235871790429,
        -0.19120750642358675,
        0.3801621359912613,
        -2.927303965847673,
        -0.4641737360638556,
        -0.7195481210271134
    ]
}