{
    "time": 41.61787295341492,
    "failed_paths": 0,
    "initial_pose": [
        -0.3524967055637318,
        -0.04618742834811185,
        0.3273586699077854,
        0.7909482213657031,
        0.8944763458217795,
        0.465785295435866
    ]
}