{
    "time": 0.9428811073303223,
    "failed_paths": 0,
    "initial_pose": [
        -0.07115685885726308,
        0.03854031036608152,
        0.758171955939559,
        -0.9053974994099316,
        2.162079261259526,
        0.014557119851377571
    ]
}