{
    "time": 1.7977032661437988,
    "failed_paths": 0,
    "initial_pose": [
        -0.11980318337274454,
        -0.06277523525152573,
        0.5517303174343864,
        0,
        0,
        0
    ]
}