{
    "time": 39.657702922821045,
    "failed_paths": 0,
    "initial_pose": [
        -0.10507983470660742,
        -0.12470205546073931,
        0.4933404480987429,
        2.9973248446510445,
        2.187818135014155,
        -1.2820011490798746
    ]
}