{
    "time": 28.56338906288147,
    "failed_paths": 0,
    "initial_pose": [
        -0.3005159908670191,
        -0.1899237408111737,
        0.3987709058217207,
        1.5505531352502424,
        2.915089288612802,
        -2.7592749324240438
    ]
}