{
    "time": 6.27641487121582,
    "failed_paths": 0,
    "initial_pose": [
        0.30172243057161463,
        -0.15722889337528534,
        0.4053296743386545,
        -3.0597392082558295,
        -1.9222736683340904,
        -0.5925464740991193
    ]
}