{
    "time": 1.5623269081115723,
    "failed_paths": 0,
    "initial_pose": [
        0.04458531627459916,
        0.24034379047382348,
        0.3202053317867775,
        0,
        0,
        0
    ]
}