{
    "time": 7.1787028312683105,
    "failed_paths": 0,
    "initial_pose": [
        0.3671888909038975,
        0.2343331709492461,
        0.47849265115170214,
        0.8864305495365515,
        2.0605658877644037,
        -2.2015678051712166
    ]
}