{
    "time": 15.28179121017456,
    "failed_paths": 0,
    "initial_pose": [
        0.3543454566610529,
        -0.4684814033878556,
        0.47797051119397654,
        2.2120579302256558,
        -0.47913970830754,
        -1.576966276843441
    ]
}