{
    "time": 0.4926159381866455,
    "failed_paths": 0,
    "initial_pose": [
        -0.18049,
        0.62176,
        0.826,
        0.0,
        0.0,
        -1.5708
    ]
}