{
    "time": 14.29032301902771,
    "failed_paths": 0,
    "initial_pose": [
        -0.2538900494066483,
        0.11627329239699458,
        0.696507542717844,
        0.1391447706117549,
        1.244098210042117,
        -1.900214811386468
    ]
}