{
    "time": 1.5846340656280518,
    "failed_paths": 0,
    "initial_pose": [
        -0.28291478348767707,
        -0.2540250784031459,
        0.6073431609390378,
        0.7441983828471922,
        -2.831235539844941,
        -1.4514566100073165
    ]
}