{
    "time": 2.1842398643493652,
    "failed_paths": 0,
    "initial_pose": [
        0.12891731529906247,
        0.1558727936756671,
        0.6785821139617483,
        -3.031593109530021,
        1.6634401944215604,
        -0.7387761431951528
    ]
}