{
    "time": 3.846585988998413,
    "failed_paths": 0,
    "initial_pose": [
        0.3565974336483443,
        -0.355727530314233,
        0.524947470818953,
        0,
        0,
        0
    ]
}