{
    "time": 15.530582189559937,
    "failed_paths": 0,
    "initial_pose": [
        -0.38723093523877605,
        -0.14759736643135846,
        0.47710659156067114,
        0.06396833330198622,
        -0.032302822775810994,
        -1.7190542748648607
    ]
}