{
    "time": 3.281416893005371,
    "failed_paths": 0,
    "initial_pose": [
        -0.1871926694975281,
        -0.4883099645187059,
        0.46198195718933444,
        0,
        0,
        0
    ]
}