{
    "time": 7.109993934631348,
    "failed_paths": 0,
    "initial_pose": [
        0.4382980733134655,
        -0.15669276542471877,
        0.22397217887009757,
        0.7554413924168116,
        -3.0658766964464115,
        2.7645875235876285
    ]
}