{
    "time": 5.975149631500244,
    "failed_paths": 0,
    "initial_pose": [
        0.4683057926358424,
        -0.010058225216876826,
        0.2569008671812878,
        0.6485091305713088,
        -2.4271948092179807,
        1.3997279737609234
    ]
}