{
    "time": 26.799856185913086,
    "failed_paths": 0,
    "initial_pose": [
        0.32943051382848054,
        0.374218450604913,
        0.37071520703693306,
        -3.131846484705444,
        -2.241438376041803,
        0.2580074043076766
    ]
}