{
    "time": 5.287596225738525,
    "failed_paths": 0,
    "initial_pose": [
        0.11055935536712769,
        0.010766535735735272,
        0.5289626914047485,
        -1.234931168643222,
        -0.9290045800200044,
        2.9924684117894227
    ]
}