{
    "time": 3.2834060192108154,
    "failed_paths": 0,
    "initial_pose": [
        0.24343923415978508,
        0.07972920017030793,
        0.4584582495055677,
        -0.1635554657011265,
        -1.2011070737861138,
        2.6535076195026415
    ]
}