{
    "time": 17.687811851501465,
    "failed_paths": 0,
    "initial_pose": [
        -0.1427047233189982,
        0.26007431819434323,
        0.5321524081357056,
        0.5173889837417006,
        1.1957527631547864,
        -0.5431801636939537
    ]
}