{
    "time": 1.7977089881896973,
    "failed_paths": 0,
    "initial_pose": [
        0.4008808334136411,
        -0.3373878190389614,
        0.4385510579418508,
        0,
        0,
        0
    ]
}