{
    "time": 40.25325584411621,
    "failed_paths": 0,
    "initial_pose": [
        0.4424661627665696,
        -0.22262562284739418,
        0.5111233269141012,
        2.168023307740942,
        0.6213535954756102,
        3.064197397619962
    ]
}