{
    "time": 9.638550758361816,
    "failed_paths": 0,
    "initial_pose": [
        0.03419823281898349,
        -0.04826300550160678,
        0.3071733585726029,
        1.5896196813047114,
        2.144676917007254,
        -2.2104931015302727
    ]
}