{
    "time": 1.2916927337646484,
    "failed_paths": 0,
    "initial_pose": [
        -0.15503284850501797,
        -0.4211604219855455,
        0.41284691208624225,
        0.4852148971088513,
        2.0000680158476425,
        2.619423908671591
    ]
}