{
    "time": 23.762723922729492,
    "failed_paths": 0,
    "initial_pose": [
        0.25523731646366365,
        0.07327384747196808,
        0.350599773212061,
        0.7254178205539304,
        0.04895860502793989,
        -0.8655362050254076
    ]
}