{
    "time": 1.1032519340515137,
    "failed_paths": 0,
    "initial_pose": [
        -0.39369776101775833,
        -0.06528825200459032,
        0.412805534651658,
        0,
        0,
        0
    ]
}