{
    "time": 5.0662970542907715,
    "failed_paths": 0,
    "initial_pose": [
        -0.24634992514322185,
        -0.4492144131750623,
        0.41948017355950834,
        2.5142592659784753,
        -1.9809346410454824,
        0.4721487718763984
    ]
}