{
    "time": 19.993959188461304,
    "failed_paths": 0,
    "initial_pose": [
        0.31383152903026146,
        -0.391829470472022,
        0.5488063637489848,
        -0.4590495837156062,
        1.9927120677242134,
        0.23978549097099058
    ]
}