{
    "time": 6.665319204330444,
    "failed_paths": 0,
    "initial_pose": [
        0.016036911259345366,
        0.2506096652425581,
        0.8074249210060416,
        2.6855911168412203,
        -2.58491162118376,
        -1.5800391627555226
    ]
}