{
    "time": 2.1005213260650635,
    "failed_trajectories": 0,
    "initial_pose": [
        0,
        0.25102,
        0.31193,
        0.4786740006519648,
        -0.054489179247262966,
        -1.9765853778835782
    ]
}