{
    "time": 1.4044559001922607,
    "failed_paths": 0,
    "initial_pose": [
        0.14333776625902817,
        -0.2013133403070373,
        0.4949405256919796,
        -1.0866111829345646,
        1.471223952386714,
        -1.6995087173437247
    ]
}