{
    "time": 2.0576751232147217,
    "failed_paths": 0,
    "initial_pose": [
        -0.024569666289535164,
        -0.298701328206611,
        0.25710652150270097,
        0.2168945186173099,
        1.2353855170312762,
        -1.5401373296829812
    ]
}