{
    "time": 59.88512396812439,
    "failed_paths": 0,
    "initial_pose": [
        0.3434446934339621,
        0.422435194552896,
        0.276132881075147,
        -0.42682653809579857,
        1.0729336026697658,
        2.505219236360225
    ]
}