{
    "time": 5.672720193862915,
    "failed_paths": 0,
    "initial_pose": [
        0.06752896969144695,
        -0.23888821217844736,
        0.3672686193721075,
        0.6906414069900791,
        -1.6919745138450952,
        0.7988800526236642
    ]
}