{
    "time": 71.92341923713684,
    "failed_paths": 0,
    "initial_pose": [
        0.31169216481917417,
        0.4429754794893084,
        0.42576808704913705,
        1.9945928962542883,
        2.6154962729247635,
        0.4281924483627803
    ]
}