{
    "time": 19.515613794326782,
    "failed_paths": 0,
    "initial_pose": [
        -0.12980864431885408,
        0.4020584516352763,
        0.37323647399712623,
        -2.5747318392058833,
        0.7848028399621361,
        2.688468069372477
    ]
}