{
    "time": 24.311469078063965,
    "failed_paths": 0,
    "initial_pose": [
        -0.21635494862611038,
        -0.23771346031429674,
        0.8870751671466375,
        -2.9390945157397597,
        -2.7388290948104106,
        -1.3574694610495213
    ]
}