{
    "time": 8.23559284210205,
    "failed_paths": 0,
    "initial_pose": [
        -0.055698633987690926,
        0.15690742298771787,
        0.5360848017488042,
        1.9298946918883026,
        2.659878620889188,
        -1.4127205564399263
    ]
}