{
    "time": 6.453552722930908,
    "failed_paths": 0,
    "initial_pose": [
        -0.4712023087180216,
        -0.3300154000300759,
        0.5801362036457034,
        1.24553865988527,
        -0.25258011762931604,
        -1.7573722989907754
    ]
}