{
    "time": 16.033865928649902,
    "failed_paths": 0,
    "initial_pose": [
        0.4597180633358996,
        -0.010270225974433056,
        0.3034218528729169,
        0.5822613110021759,
        1.4589750240413804,
        2.2124244971855718
    ]
}