{
    "time": 135.78692889213562,
    "failed_paths": 0,
    "initial_pose": [
        0.36806867835165025,
        0.440005529244209,
        0.22654878420573665,
        -2.4495447094923413,
        0.50346979403845,
        0.43361729915861497
    ]
}