{
    "time": 1.396763801574707,
    "failed_paths": 0,
    "initial_pose": [
        0.3216878449143714,
        0.3741964383955906,
        0.43338557140657163,
        -1.9779667230779263,
        1.6187831624105156,
        -1.6624142427204631
    ]
}