{
    "time": 3.8231709003448486,
    "failed_paths": 0,
    "initial_pose": [
        -0.23918929701375058,
        -0.24845664373016207,
        0.8429847932843946,
        0.5298900959250269,
        1.2528557713970048,
        0.7907169591840213
    ]
}