{
    "time": 217.26094913482666,
    "failed_paths": 0,
    "initial_pose": [
        -0.22526885185849121,
        0.4036162331066213,
        0.31644585569852607,
        0.9455517739336394,
        -2.4866540124049394,
        0.7846374777046434
    ]
}