{
    "time": 26.724917888641357,
    "failed_paths": 0,
    "initial_pose": [
        -0.3063637076658918,
        -0.033490983561680454,
        0.8371678373989277,
        -1.4130362216045171,
        -1.9222791886577792,
        1.7544847260439649
    ]
}