{
    "time": 1.5763311386108398,
    "failed_paths": 0,
    "initial_pose": [
        0.360438557918353,
        -0.43404523320347055,
        0.5343748450416339,
        -0.7839544779091109,
        0.13638883228476567,
        -0.0048822565142435425
    ]
}