{
    "time": 2.31872296333313,
    "failed_paths": 0,
    "initial_pose": [
        -0.3199290264860487,
        -0.1204522564558268,
        0.35220668011626066,
        2.5374085053315967,
        2.7358155850616974,
        2.9733482874180215
    ]
}