{
    "time": 57.055153131484985,
    "failed_paths": 0,
    "initial_pose": [
        -0.30416369387857245,
        -0.09167624716323453,
        0.535039555583261,
        2.3757922317565607,
        2.5139215130533787,
        -3.0662811631183953
    ]
}