{
    "time": 1.7941508293151855,
    "failed_paths": 0,
    "initial_pose": [
        0.19267759603149426,
        -0.2485004360487194,
        0.46902933017565607,
        0,
        0,
        0
    ]
}