{
    "time": 2.5784871578216553,
    "failed_paths": 0,
    "initial_pose": [
        0.2460532513151501,
        -0.049829184483637046,
        0.6269123934414316,
        -1.0734246794265647,
        -3.008653317001829,
        -0.9251433556756481
    ]
}