{
    "time": 44.58805227279663,
    "failed_paths": 0,
    "initial_pose": [
        0.2170634650904737,
        0.3790380249241324,
        0.2867542607523112,
        -2.286112879896111,
        2.8355416944856766,
        2.389426489460607
    ]
}