{
    "time": 1.4424118995666504,
    "failed_paths": 0,
    "initial_pose": [
        -0.14919367623640956,
        -0.21785890577655886,
        0.6985599484391976,
        2.919841123098719,
        -0.46393328233718706,
        0.7856978807522209
    ]
}