{
    "time": 9.055524826049805,
    "failed_paths": 0,
    "initial_pose": [
        -0.4812308855574441,
        0.24186508882736435,
        0.3125608189694749,
        -0.9409503929620652,
        0.19972598360338914,
        1.938071530354405
    ]
}