{
    "time": 113.97425103187561,
    "failed_paths": 0,
    "initial_pose": [
        -0.08721563982736091,
        0.46955571818227926,
        0.206733162108782,
        -1.530080291994751,
        -1.8521126485529116,
        2.10512910356373
    ]
}