{
    "time": 8.96104907989502,
    "failed_paths": 0,
    "initial_pose": [
        0.11005148522612951,
        -0.2464889511855214,
        0.21266280364955653,
        -0.6391284609333509,
        -2.1781193231398417,
        2.87489911584062
    ]
}