{
    "time": 16.175543069839478,
    "failed_paths": 0,
    "initial_pose": [
        -0.3067806215468345,
        0.0036550190509090363,
        0.5556831208099879,
        -0.23086123471387238,
        -0.2553769871615842,
        1.3272925404297646
    ]
}