{
    "time": 3.7321488857269287,
    "failed_paths": 0,
    "initial_pose": [
        0.20289642456707102,
        0.45959609843038074,
        0.676638644436116,
        -2.665397367308207,
        -2.60570735116359,
        1.7103221115148668
    ]
}