{
    "time": 14.152225017547607,
    "failed_paths": 0,
    "initial_pose": [
        -0.017280001589589866,
        -0.15190356174265607,
        0.30243608010022793,
        0.7763774703991674,
        2.4187463922018764,
        2.485064855428475
    ]
}