{
    "time": 1.1313989162445068,
    "failed_paths": 0,
    "initial_pose": [
        -0.3986706383455939,
        0.2196657077323073,
        0.34900669116230376,
        0,
        0,
        0
    ]
}