{
    "time": 1.4592030048370361,
    "failed_paths": 0,
    "initial_pose": [
        0.4126410030382365,
        -0.3933336391583968,
        0.33059850644717315,
        0.3001381423365786,
        0.7891636981587506,
        -0.7044824318010148
    ]
}