{
    "time": 1.5545759201049805,
    "failed_paths": 0,
    "initial_pose": [
        -0.15933363965184044,
        0.231971919661482,
        0.5278197681104722,
        0,
        0,
        0
    ]
}