{
    "time": 41.05098605155945,
    "failed_paths": 0,
    "initial_pose": [
        0.28757865430903873,
        -0.23774551318633996,
        0.2667075856828214,
        1.6795383912227186,
        0.32248202413576654,
        0.4162235927032744
    ]
}