{
    "time": 5.8016369342803955,
    "failed_paths": 0,
    "initial_pose": [
        -0.29917837031828387,
        0.15679485470784849,
        0.8613721509021972,
        -0.9791590437327307,
        -1.2447029336581865,
        1.4361323303323794
    ]
}