{
    "time": 1.817692756652832,
    "failed_paths": 0,
    "initial_pose": [
        0.34184565670059497,
        -0.2559606042470589,
        0.30092887417926595,
        0,
        0,
        0
    ]
}