{
    "time": 28.840192079544067,
    "failed_paths": 0,
    "initial_pose": [
        0.2860255527271106,
        0.07578309191692834,
        0.2453880458622765,
        0.6591174886090444,
        -1.8320453288585483,
        0.012948555193101086
    ]
}